url,name
https://shop.adidas.jp/products/IH7491,ハンドボール スペツィアル / HANDBALL SPEZIAL
https://shop.adidas.jp/products/IG6282,ミュンヘン 24 / MUNCHEN 24
https://shop.adidas.jp/products/IG6279,ケルン 24 / KOLN 24
https://shop.adidas.jp/products/IG6285/,プレデター 94 FG / 天然芝用 / PREDATOR 94 FG
https://shop.adidas.jp/products/IK5682/,M TERREX XPERIOR ウィンドウィーフライド ジャケット
https://shop.adidas.jp/products/IP1431/,テレックス マルチ 2層構造 RAIN. RDYジャケット
https://shop.adidas.jp/products/IN4769/,テレックス テックロック ライト GORE-TEX アクティブジャケット
https://shop.adidas.jp/products/IN6500/,テレックス XPLORIC ショーツ
https://shop.adidas.jp/products/IC4560/,ティロ 23 コンペティションノースリーブジャージー
https://shop.adidas.jp/products/IC4562/,ティロ 23 コンペティションノースリーブジャージー
https://shop.adidas.jp/products/IS2263/,DESIGNED FOR TRAINING ワークアウトショーツ
https://shop.adidas.jp/products/IT4308/,ポンプ ワークアウトフーディー
https://shop.adidas.jp/products/IT4310/,ポンプ ワークアウトパンツ
https://shop.adidas.jp/products/IS1264/,モノグラム クルーソックス 2足組
https://shop.adidas.jp/products/IS1540/,ティロ 半袖Tシャツ
https://shop.adidas.jp/products/IS1542/,ティロ 半袖Tシャツ
https://shop.adidas.jp/products/IP3791/,ティロ ウーブン ボンバージャケット
https://shop.adidas.jp/products/IN7126/,シーズナル エッセンシャルズ カモフラージュ スウェット
https://shop.adidas.jp/products/IS0208/,フレームロゴパーカー
https://shop.adidas.jp/products/IN3306/,フューチャー アイコン スリーストライプス ウーブン ウインドブレーカー
https://shop.adidas.jp/products/IN3317/,フューチャー アイコン バッジ オブ スポーツ トラックジャケット（ジャージ）
https://shop.adidas.jp/products/IS8899/,ADICROSS撥水アノラックフーディー
https://shop.adidas.jp/products/IG1798/,ゲームコート 2.0 オムニコート / GAMECOURT 2.0 OMNICOURT
https://shop.adidas.jp/products/IE7798/,D.O.N. ISSUE 5
https://shop.adidas.jp/products/IE8542/,アディゼロ アフターバーナー 9 スパイク / ADIZERO AFTERBURNER 9 CLEATS
https://shop.adidas.jp/products/IR7979/,アディカラー トレフォイル 半袖Tシャツ
https://shop.adidas.jp/products/IR8000/,アディカラー トレフォイル 半袖Tシャツ
https://shop.adidas.jp/products/IE2707/,トレイ・ヤング 3 ロー / TRAE YOUNG 3 LOW
https://shop.adidas.jp/products/IF1514/,デイム 8 EXTPLY / DAME 8 EXTPLY
https://shop.adidas.jp/products/IG1705/,スーパースター ADV / SUPERSTAR ADV
https://shop.adidas.jp/products/IG4113/,タイショーン / TYSHAWN
https://shop.adidas.jp/products/IE4012/,DIME ADI2000
https://shop.adidas.jp/products/IV9469/,STAR WARS × ADIDAS NANZUKA グラフィック半袖Tシャツ
https://shop.adidas.jp/products/IV9470/,STAR WARS × ADIDAS NANZUKA グラフィック半袖Tシャツ
https://shop.adidas.jp/products/IV9471/,STAR WARS × ADIDAS NANZUKA 長袖Tシャツ
https://shop.adidas.jp/products/IF9249/,STAR WARS ×アディダス スーパースター XLG NANZUKA /STAR WARS × ADIDAS SUPERSTAR XLG NANZUKA
https://shop.adidas.jp/products/IE6000/,STAR WARS × ADIDAS NMD_R1 NANZUKA
https://shop.adidas.jp/products/IE6002/,STAR WARS × アディダス スタンスミス NANZUKA / STAR WARS × ADIDAS STAN SMITH NANZUKA
https://shop.adidas.jp/products/IX6434/,ベッケンバウアー トラックジャケット JS&ED
https://shop.adidas.jp/products/IX6435/,ベッケンバウアー トラックパンツ JS&ED
https://shop.adidas.jp/products/IH0385/,CAMPUS 80S JS
https://shop.adidas.jp/products/IF8801/,LWST
https://shop.adidas.jp/products/IS0205/,クラシック モノグラム グラフィック半袖Tシャツ
https://shop.adidas.jp/products/JJ9566/,ESSENTIAL TEE GRAPHIC TOKYO
https://shop.adidas.jp/products/JJ9567/,ESSENTIAL TEE GRAPHIC TOKYO
https://shop.adidas.jp/products/JJ9568/,ESSENTIAL TEE GRAPHIC OSAKA
https://shop.adidas.jp/products/JJ9569/,ESSENTIAL TEE GRAPHIC OSAKA
https://shop.adidas.jp/products/JJ9954/,M SL SJ T KANJI TOKYO
