name,price
テレックス Xploric ショーツ,"12,100"
プレデター 94 FG / 天然芝用 / Predator 94 FG,"39,600"
M TERREX XPERIOR ウィンドウィーフライド ジャケット,"17,600"
テレックス テックロック ライト Gore-Tex アクティブジャケット,"44,000"
テレックス マルチ 2層構造 RAIN. RDYジャケット,"15,400"
ティロ 23 コンペティションノースリーブジャージー,"4,730"
ティロ 23 コンペティションノースリーブジャージー,"4,730"
Designed for Training ワークアウトショーツ,"4,950"
ポンプ ワークアウトパンツ,"8,800"
モノグラム クルーソックス 2足組,"1,870"
ハンドボール スペツィアル / Handball Spezial,"15,400"
ポンプ ワークアウトフーディー,"9,350"
ケルン 24 / Koln 24,"16,500"
ミュンヘン 24 / Munchen 24,"16,500"
ティロ 半袖Tシャツ,"4,400"
ティロ 半袖Tシャツ,"4,400"
M SL SJ T KANJI TOKYO,"6,050"
ESSENTIAL TEE GRAPHIC TOKYO,"6,050"
ESSENTIAL TEE GRAPHIC OSAKA,"6,050"
ESSENTIAL TEE GRAPHIC TOKYO,"6,050"
クラシック モノグラム グラフィック半袖Tシャツ,"5,170"
LWST,"15,400"
ESSENTIAL TEE GRAPHIC OSAKA,"6,050"
CAMPUS 80S JS,"15,400"
Star Wars × アディダス スタンスミス NANZUKA / Star Wars × adidas Stan Smith NANZUKA,"20,900"
Star Wars × adidas NMD_R1 NANZUKA,"20,900"
ベッケンバウアー トラックジャケット JS&ED,"13,200"
Star Wars × adidas NANZUKA 長袖Tシャツ,"11,000"
ベッケンバウアー トラックパンツ JS&ED,"11,000"
DIME ADI2000,"18,700"
タイショーン / Tyshawn,"14,300"
Star Wars × adidas NANZUKA グラフィック半袖Tシャツ,"11,000"
Star Wars ×アディダス スーパースター XLG NANZUKA /Star Wars × adidas Superstar XLG NANZUKA,"20,900"
Star Wars × adidas NANZUKA グラフィック半袖Tシャツ,"11,000"
デイム 8 EXTPLY / Dame 8 EXTPLY,"16,500"
スーパースター ADV / Superstar ADV,"14,300"
トレイ・ヤング 3 ロー / Trae Young 3 Low,"19,800"
アディゼロ アフターバーナー 9 スパイク / Adizero Afterburner 9 Cleats,"13,200"
D.O.N. Issue 5,"16,500"
ゲームコート 2.0 オムニコート / GameCourt 2.0 Omnicourt,"7,370"
アディカラー トレフォイル 半袖Tシャツ,"4,950"
アディカラー トレフォイル 半袖Tシャツ,"4,950"
フューチャー アイコン バッジ オブ スポーツ トラックジャケット（ジャージ）,"9,900"
フューチャー アイコン スリーストライプス ウーブン ウインドブレーカー,"11,000"
ADICROSS撥水アノラックフーディー,"12,551"
フレームロゴパーカー,"12,100"
シーズナル エッセンシャルズ カモフラージュ スウェット,"6,600"
ティロ ウーブン ボンバージャケット,"10,450"
