name,price,url
テレックス マルチ 2層構造 RAIN. RDYジャケット,"15,400",https://shop.adidas.jp/products/IP1431/
テレックス テックロック ライト Gore-Tex アクティブジャケット,"44,000",https://shop.adidas.jp/products/IN4769/
ティロ 23 コンペティションノースリーブジャージー,"4,730",https://shop.adidas.jp/products/IC4562/
Designed for Training ワークアウトショーツ,"4,950",https://shop.adidas.jp/products/IS2263/
M TERREX XPERIOR ウィンドウィーフライド ジャケット,"17,600",https://shop.adidas.jp/products/IK5682/
プレデター 94 FG / 天然芝用 / Predator 94 FG,"39,600",https://shop.adidas.jp/products/IG6285/
テレックス Xploric ショーツ,"12,100",https://shop.adidas.jp/products/IN6500/
ティロ 23 コンペティションノースリーブジャージー,"4,730",https://shop.adidas.jp/products/IC4560/
モノグラム クルーソックス 2足組,"1,870",https://shop.adidas.jp/products/IS1264/
ポンプ ワークアウトフーディー,"9,350",https://shop.adidas.jp/products/IT4308/
M SL SJ T KANJI TOKYO,"6,050",https://shop.adidas.jp/products/JJ9954/
ミュンヘン 24 / Munchen 24,"16,500",https://shop.adidas.jp/products/IG6282/
ハンドボール スペツィアル / Handball Spezial,"15,400",https://shop.adidas.jp/products/IH7491/
ティロ 半袖Tシャツ,"4,400",https://shop.adidas.jp/products/IS1540/
ポンプ ワークアウトパンツ,"8,800",https://shop.adidas.jp/products/IT4310/
ケルン 24 / Koln 24,"16,500",https://shop.adidas.jp/products/IG6279/
ESSENTIAL TEE GRAPHIC OSAKA,"6,050",https://shop.adidas.jp/products/JJ9569/
ティロ 半袖Tシャツ,"4,400",https://shop.adidas.jp/products/IS1542/
ESSENTIAL TEE GRAPHIC OSAKA,"6,050",https://shop.adidas.jp/products/JJ9568/
ESSENTIAL TEE GRAPHIC TOKYO,"6,050",https://shop.adidas.jp/products/JJ9567/
ESSENTIAL TEE GRAPHIC TOKYO,"6,050",https://shop.adidas.jp/products/JJ9566/
クラシック モノグラム グラフィック半袖Tシャツ,"5,170",https://shop.adidas.jp/products/IS0205/
Star Wars × アディダス スタンスミス NANZUKA / Star Wars × adidas Stan Smith NANZUKA,"20,900",https://shop.adidas.jp/products/IE6002/
CAMPUS 80S JS,"15,400",https://shop.adidas.jp/products/IH0385/
ベッケンバウアー トラックパンツ JS&ED,"11,000",https://shop.adidas.jp/products/IX6435/
LWST,"15,400",https://shop.adidas.jp/products/IF8801/
ベッケンバウアー トラックジャケット JS&ED,"13,200",https://shop.adidas.jp/products/IX6434/
Star Wars ×アディダス スーパースター XLG NANZUKA /Star Wars × adidas Superstar XLG NANZUKA,"20,900",https://shop.adidas.jp/products/IF9249/
Star Wars × adidas NMD_R1 NANZUKA,"20,900",https://shop.adidas.jp/products/IE6000/
Star Wars × adidas NANZUKA 長袖Tシャツ,"11,000",https://shop.adidas.jp/products/IV9471/
Star Wars × adidas NANZUKA グラフィック半袖Tシャツ,"11,000",https://shop.adidas.jp/products/IV9469/
DIME ADI2000,"18,700",https://shop.adidas.jp/products/IE4012/
デイム 8 EXTPLY / Dame 8 EXTPLY,"16,500",https://shop.adidas.jp/products/IF1514/
タイショーン / Tyshawn,"14,300",https://shop.adidas.jp/products/IG4113/
スーパースター ADV / Superstar ADV,"14,300",https://shop.adidas.jp/products/IG1705/
トレイ・ヤング 3 ロー / Trae Young 3 Low,"19,800",https://shop.adidas.jp/products/IE2707/
Star Wars × adidas NANZUKA グラフィック半袖Tシャツ,"11,000",https://shop.adidas.jp/products/IV9470/
フューチャー アイコン バッジ オブ スポーツ トラックジャケット（ジャージ）,"9,900",https://shop.adidas.jp/products/IN3317/
アディゼロ アフターバーナー 9 スパイク / Adizero Afterburner 9 Cleats,"13,200",https://shop.adidas.jp/products/IE8542/
ゲームコート 2.0 オムニコート / GameCourt 2.0 Omnicourt,"7,370",https://shop.adidas.jp/products/IG1798/
アディカラー トレフォイル 半袖Tシャツ,"4,950",https://shop.adidas.jp/products/IR8000/
フューチャー アイコン スリーストライプス ウーブン ウインドブレーカー,"11,000",https://shop.adidas.jp/products/IN3306/
D.O.N. Issue 5,"16,500",https://shop.adidas.jp/products/IE7798/
アディカラー トレフォイル 半袖Tシャツ,"4,950",https://shop.adidas.jp/products/IR7979/
フレームロゴパーカー,"12,100",https://shop.adidas.jp/products/IS0208/
ADICROSS撥水アノラックフーディー,"12,551",https://shop.adidas.jp/products/IS8899/
シーズナル エッセンシャルズ カモフラージュ スウェット,"6,600",https://shop.adidas.jp/products/IN7126/
ティロ ウーブン ボンバージャケット,"10,450",https://shop.adidas.jp/products/IP3791/
